Probe,Accuracy
Linear,0.8562091503267973
MLP,0.5359477124183006
